31336,Neural_Networks,31336
1061127,Rule_Learning,1061127
1106406,Reinforcement_Learning,1106406
13195,Reinforcement_Learning,13195
37879,Probabilistic_Methods,37879
1126012,Probabilistic_Methods,1126012
1107140,Theory,1107140
1102850,Neural_Networks,1102850
31349,Neural_Networks,31349
1106418,Theory,1106418
1123188,Neural_Networks,1123188
1128990,Genetic_Algorithms,1128990
109323,Probabilistic_Methods,109323
217139,Case_Based,217139
31353,Neural_Networks,31353
32083,Neural_Networks,32083
1126029,Reinforcement_Learning,1126029
1118017,Neural_Networks,1118017
49482,Neural_Networks,49482
753265,Neural_Networks,753265
249858,Theory,249858
1113739,Reinforcement_Learning,1113739
48766,Genetic_Algorithms,48766
646195,Probabilistic_Methods,646195
1126050,Reinforcement_Learning,1126050
59626,Theory,59626
340299,Neural_Networks,340299
354004,Probabilistic_Methods,354004
242637,Neural_Networks,242637
1106492,Rule_Learning,1106492
74975,Case_Based,74975
1152272,Neural_Networks,1152272
100701,Case_Based,100701
66982,Neural_Networks,66982
13960,Reinforcement_Learning,13960
13966,Reinforcement_Learning,13966
66990,Neural_Networks,66990
182093,Reinforcement_Learning,182093
182094,Genetic_Algorithms,182094
13972,Reinforcement_Learning,13972
13982,Theory,13982
16819,Probabilistic_Methods,16819
273152,Genetic_Algorithms,273152
237521,Neural_Networks,237521
1153703,Case_Based,1153703
32872,Reinforcement_Learning,32872
284025,Neural_Networks,284025
218666,Case_Based,218666
16843,Probabilistic_Methods,16843
1153724,Case_Based,1153724
1153728,Case_Based,1153728
158098,Probabilistic_Methods,158098
8699,Theory,8699
1134865,Genetic_Algorithms,1134865
28456,Theory,28456
248425,Genetic_Algorithms,248425
1112319,Theory,1112319
28471,Reinforcement_Learning,28471
175548,Neural_Networks,175548
696345,Neural_Networks,696345
28485,Reinforcement_Learning,28485
1139195,Case_Based,1139195
35778,Probabilistic_Methods,35778
28491,Reinforcement_Learning,28491
310530,Case_Based,310530
1153784,Genetic_Algorithms,1153784
1481,Case_Based,1481
1153786,Probabilistic_Methods,1153786
13212,Neural_Networks,13212
1111614,Case_Based,1111614
5055,Theory,5055
4329,Probabilistic_Methods,4329
330148,Neural_Networks,330148
1105062,Reinforcement_Learning,1105062
4330,Probabilistic_Methods,4330
5062,Case_Based,5062
4335,Probabilistic_Methods,4335
158812,Neural_Networks,158812
40124,Theory,40124
1103610,Theory,1103610
688361,Neural_Networks,688361
302545,Probabilistic_Methods,302545
20534,Reinforcement_Learning,20534
1031453,Neural_Networks,1031453
5086,Probabilistic_Methods,5086
193742,Reinforcement_Learning,193742
58268,Rule_Learning,58268
424,Rule_Learning,424
40151,Theory,40151
636098,Theory,636098
260121,Neural_Networks,260121
950052,Neural_Networks,950052
434,Reinforcement_Learning,434
1131270,Probabilistic_Methods,1131270
1131274,Probabilistic_Methods,1131274
1131277,Probabilistic_Methods,1131277
1110947,Case_Based,1110947
662279,Neural_Networks,662279
1139928,Theory,1139928
153063,Probabilistic_Methods,153063
134199,Genetic_Algorithms,134199
641956,Neural_Networks,641956
20584,Neural_Networks,20584
1130567,Reinforcement_Learning,1130567
171225,Neural_Networks,171225
714879,Probabilistic_Methods,714879
37998,Rule_Learning,37998
50336,Probabilistic_Methods,50336
50337,Probabilistic_Methods,50337
15429,Theory,15429
23448,Neural_Networks,23448
1122574,Neural_Networks,1122574
1110998,Neural_Networks,1110998
853150,Neural_Networks,853150
15431,Theory,15431
646286,Probabilistic_Methods,646286
1152307,Case_Based,1152307
1115291,Probabilistic_Methods,1115291
1106547,Reinforcement_Learning,1106547
68463,Rule_Learning,68463
59715,Genetic_Algorithms,59715
69198,Neural_Networks,69198
7272,Neural_Networks,7272
163235,Neural_Networks,163235
7276,Neural_Networks,7276
34315,Neural_Networks,34315
644843,Probabilistic_Methods,644843
7297,Neural_Networks,7297
628815,Reinforcement_Learning,628815
35061,Genetic_Algorithms,35061
68495,Theory,68495
1136310,Probabilistic_Methods,1136310
18313,Reinforcement_Learning,18313
34355,Neural_Networks,34355
45212,Neural_Networks,45212
1153091,Rule_Learning,1153091
8703,Rule_Learning,8703
126920,Probabilistic_Methods,126920
126927,Probabilistic_Methods,126927
595157,Genetic_Algorithms,595157
140005,Theory,140005
1117476,Genetic_Algorithms,1117476
59798,Neural_Networks,59798
219446,Neural_Networks,219446
44514,Neural_Networks,44514
287787,Genetic_Algorithms,287787
157401,Neural_Networks,157401
1154500,Case_Based,1154500
682666,Reinforcement_Learning,682666
399173,Case_Based,399173
198866,Case_Based,198866
51834,Theory,51834
200630,Neural_Networks,200630
782486,Neural_Networks,782486
1136393,Neural_Networks,1136393
137849,Probabilistic_Methods,137849
1153811,Rule_Learning,1153811
24966,Theory,24966
11148,Rule_Learning,11148
51866,Theory,51866
24974,Neural_Networks,24974
137868,Probabilistic_Methods,137868
28542,Reinforcement_Learning,28542
35,Genetic_Algorithms,35
116021,Theory,116021
348305,Rule_Learning,348305
10430,Case_Based,10430
39403,Reinforcement_Learning,39403
40,Genetic_Algorithms,40
282700,Neural_Networks,282700
1105116,Probabilistic_Methods,1105116
35854,Theory,35854
63477,Case_Based,63477
124064,Reinforcement_Learning,124064
1120431,Neural_Networks,1120431
949318,Neural_Networks,949318
649944,Rule_Learning,649944
63486,Theory,63486
1153866,Rule_Learning,1153866
1140040,Neural_Networks,1140040
1112426,Neural_Networks,1112426
239800,Theory,239800
1131314,Probabilistic_Methods,1131314
1153891,Case_Based,1153891
1129835,Rule_Learning,1129835
310653,Probabilistic_Methods,310653
1130600,Reinforcement_Learning,1130600
1111733,Neural_Networks,1111733
210871,Genetic_Algorithms,210871
210872,Genetic_Algorithms,210872
1132083,Neural_Networks,1132083
132806,Genetic_Algorithms,132806
12631,Neural_Networks,12631
12638,Neural_Networks,12638
38771,Neural_Networks,38771
232605,Rule_Learning,232605
232606,Rule_Learning,232606
1107312,Reinforcement_Learning,1107312
1114605,Neural_Networks,1114605
68505,Theory,68505
133553,Neural_Networks,133553
144408,Neural_Networks,144408
23502,Neural_Networks,23502
1108050,Neural_Networks,1108050
23507,Neural_Networks,23507
83826,Neural_Networks,83826
133563,Neural_Networks,133563
85299,Neural_Networks,85299
49660,Theory,49660
593060,Genetic_Algorithms,593060
341188,Reinforcement_Learning,341188
714975,Probabilistic_Methods,714975
1115375,Neural_Networks,1115375
95435,Reinforcement_Learning,95435
145176,Neural_Networks,145176
1113934,Case_Based,1113934
1132809,Rule_Learning,1132809
22835,Neural_Networks,22835
1153148,Probabilistic_Methods,1153148
41714,Genetic_Algorithms,41714
1118245,Reinforcement_Learning,1118245
1152436,Case_Based,1152436
1153166,Case_Based,1153166
1153169,Rule_Learning,1153169
38000,Rule_Learning,38000
1152448,Case_Based,1152448
1137140,Neural_Networks,1137140
30895,Theory,30895
5966,Genetic_Algorithms,5966
1136422,Neural_Networks,1136422
27174,Neural_Networks,27174
1128407,Case_Based,1128407
1124844,Neural_Networks,1124844
1153195,Neural_Networks,1153195
1113995,Neural_Networks,1113995
1136442,Neural_Networks,1136442
8821,Case_Based,8821
46079,Genetic_Algorithms,46079
119761,Neural_Networks,119761
1111052,Reinforcement_Learning,1111052
315789,Genetic_Algorithms,315789
1108841,Neural_Networks,1108841
1135746,Theory,1135746
100935,Genetic_Algorithms,100935
353541,Neural_Networks,353541
60682,Case_Based,60682
253762,Probabilistic_Methods,253762
8872,Reinforcement_Learning,8872
714260,Probabilistic_Methods,714260
137956,Rule_Learning,137956
35922,Probabilistic_Methods,35922
2354,Theory,2354
168410,Reinforcement_Learning,168410
346292,Neural_Networks,346292
1153933,Neural_Networks,1153933
1119751,Theory,1119751
17798,Case_Based,17798
400356,Neural_Networks,400356
10531,Neural_Networks,10531
1110390,Case_Based,1110390
714289,Probabilistic_Methods,714289
733167,Neural_Networks,733167
81714,Case_Based,81714
428610,Neural_Networks,428610
552469,Theory,552469
164885,Genetic_Algorithms,164885
81722,Case_Based,81722
111866,Theory,111866
194617,Neural_Networks,194617
93318,Neural_Networks,93318
134307,Probabilistic_Methods,134307
203646,Neural_Networks,203646
367312,Neural_Networks,367312
650814,Genetic_Algorithms,650814
93320,Reinforcement_Learning,93320
134315,Probabilistic_Methods,134315
134316,Probabilistic_Methods,134316
976334,Reinforcement_Learning,976334
1095507,Probabilistic_Methods,1095507
134320,Probabilistic_Methods,134320
662416,Probabilistic_Methods,662416
194645,Reinforcement_Learning,194645
1131421,Neural_Networks,1131421
161221,Neural_Networks,161221
38839,Case_Based,38839
38846,Case_Based,38846
133615,Rule_Learning,133615
1112574,Theory,1112574
521207,Case_Based,521207
3828,Case_Based,3828
593105,Genetic_Algorithms,593105
390693,Neural_Networks,390693
642847,Probabilistic_Methods,642847
1122704,Neural_Networks,1122704
4584,Reinforcement_Learning,4584
7419,Reinforcement_Learning,7419
30901,Theory,30901
1115456,Neural_Networks,1115456
7432,Reinforcement_Learning,7432
573553,Theory,573553
1022969,Case_Based,1022969
143801,Neural_Networks,143801
612306,Rule_Learning,612306
417017,Case_Based,417017
396412,Neural_Networks,396412
1107455,Reinforcement_Learning,1107455
91975,Reinforcement_Learning,91975
180187,Rule_Learning,180187
27203,Theory,27203
1152508,Genetic_Algorithms,1152508
69392,Neural_Networks,69392
1118332,Neural_Networks,1118332
189577,Probabilistic_Methods,189577
1114777,Case_Based,1114777
75969,Rule_Learning,75969
1132922,Neural_Networks,1132922
1153254,Rule_Learning,1153254
1117618,Theory,1117618
6767,Case_Based,6767
27241,Theory,27241
27246,Neural_Networks,27246
95589,Reinforcement_Learning,95589
6771,Theory,6771
86840,Theory,86840
108962,Probabilistic_Methods,108962
6786,Probabilistic_Methods,6786
108963,Probabilistic_Methods,108963
108974,Probabilistic_Methods,108974
1117653,Neural_Networks,1117653
1152569,Genetic_Algorithms,1152569
1132968,Neural_Networks,1132968
370366,Neural_Networks,370366
108983,Probabilistic_Methods,108983
399339,Reinforcement_Learning,399339
64319,Theory,64319
1110426,Rule_Learning,1110426
1102407,Neural_Networks,1102407
1127812,Neural_Networks,1127812
1128542,Neural_Networks,1128542
65057,Probabilistic_Methods,65057
159084,Neural_Networks,159084
159085,Neural_Networks,159085
65074,Probabilistic_Methods,65074
33895,Genetic_Algorithms,33895
2440,Rule_Learning,2440
1717,Probabilistic_Methods,1717
249421,Neural_Networks,249421
3187,Probabilistic_Methods,3187
591016,Rule_Learning,591016
1110494,Neural_Networks,1110494
29492,Neural_Networks,29492
400473,Neural_Networks,400473
644334,Probabilistic_Methods,644334
949511,Neural_Networks,949511
205192,Neural_Networks,205192
763009,Neural_Networks,763009
169280,Neural_Networks,169280
1120643,Genetic_Algorithms,1120643
645088,Probabilistic_Methods,645088
5348,Neural_Networks,5348
124296,Neural_Networks,124296
1121398,Genetic_Algorithms,1121398
950305,Neural_Networks,950305
567018,Neural_Networks,567018
52000,Neural_Networks,52000
52003,Neural_Networks,52003
52007,Neural_Networks,52007
58540,Reinforcement_Learning,58540
436796,Neural_Networks,436796
948846,Neural_Networks,948846
8213,Reinforcement_Learning,8213
671293,Probabilistic_Methods,671293
1131550,Genetic_Algorithms,1131550
899119,Rule_Learning,899119
1105394,Reinforcement_Learning,1105394
85452,Theory,85452
1112686,Probabilistic_Methods,1112686
69418,Neural_Networks,69418
8224,Theory,8224
145315,Rule_Learning,145315
575077,Genetic_Algorithms,575077
20850,Theory,20850
44017,Theory,44017
1135125,Neural_Networks,1135125
286562,Neural_Networks,286562
1123553,Reinforcement_Learning,1123553
1135137,Neural_Networks,1135137
325314,Neural_Networks,325314
662572,Neural_Networks,662572
159897,Probabilistic_Methods,159897
1130856,Genetic_Algorithms,1130856
96335,Neural_Networks,96335
755082,Probabilistic_Methods,755082
1123576,Neural_Networks,1123576
1103979,Neural_Networks,1103979
593260,Genetic_Algorithms,593260
601567,Rule_Learning,601567
1119140,Neural_Networks,1119140
189655,Probabilistic_Methods,189655
31769,Neural_Networks,31769
1107567,Theory,1107567
88356,Probabilistic_Methods,88356
1033,Genetic_Algorithms,1033
1034,Genetic_Algorithms,1034
1106849,Neural_Networks,1106849
16470,Neural_Networks,16470
35343,Neural_Networks,35343
16471,Neural_Networks,16471
1154074,Neural_Networks,1154074
16476,Neural_Networks,16476
23774,Reinforcement_Learning,23774
16485,Neural_Networks,16485
136665,Reinforcement_Learning,136665
94953,Neural_Networks,94953
9708,Case_Based,9708
38205,Genetic_Algorithms,38205
645897,Probabilistic_Methods,645897
216877,Rule_Learning,216877
18619,Theory,18619
559804,Probabilistic_Methods,559804
6898,Neural_Networks,6898
166420,Theory,166420
787016,Genetic_Algorithms,787016
73146,Probabilistic_Methods,73146
1136634,Theory,1136634
1111230,Reinforcement_Learning,1111230
3218,Rule_Learning,3218
3229,Neural_Networks,3229
193347,Rule_Learning,193347
84020,Probabilistic_Methods,84020
3231,Theory,3231
52847,Theory,52847
193352,Rule_Learning,193352
193354,Rule_Learning,193354
1110531,Case_Based,1110531
686532,Neural_Networks,686532
711598,Theory,711598
1063773,Neural_Networks,1063773
3243,Theory,3243
78994,Neural_Networks,78994
181782,Reinforcement_Learning,181782
284414,Case_Based,284414
114189,Probabilistic_Methods,114189
686559,Neural_Networks,686559
253971,Neural_Networks,253971
1106103,Case_Based,1106103
1114125,Reinforcement_Learning,1114125
75318,Neural_Networks,75318
45599,Genetic_Algorithms,45599
97892,Case_Based,97892
446271,Probabilistic_Methods,446271
1106112,Reinforcement_Learning,1106112
280876,Probabilistic_Methods,280876
12182,Theory,12182
175909,Case_Based,175909
64484,Reinforcement_Learning,64484
6125,Theory,6125
1120713,Case_Based,1120713
1114153,Neural_Networks,1114153
12197,Theory,12197
248823,Reinforcement_Learning,248823
919885,Neural_Networks,919885
94229,Neural_Networks,94229
1120731,Reinforcement_Learning,1120731
23069,Probabilistic_Methods,23069
6151,Reinforcement_Learning,6151
6155,Reinforcement_Learning,6155
23070,Probabilistic_Methods,23070
644448,Probabilistic_Methods,644448
1112723,Neural_Networks,1112723
31097,Case_Based,31097
6169,Reinforcement_Learning,6169
1106172,Reinforcement_Learning,1106172
6170,Reinforcement_Learning,6170
211875,Neural_Networks,211875
1109017,Genetic_Algorithms,1109017
5454,Neural_Networks,5454
6184,Reinforcement_Learning,6184
10796,Case_Based,10796
10798,Case_Based,10798
1120777,Neural_Networks,1120777
86258,Theory,86258
154134,Case_Based,154134
6196,Reinforcement_Learning,6196
20920,Probabilistic_Methods,20920
20923,Probabilistic_Methods,20923
22386,Case_Based,22386
1131639,Neural_Networks,1131639
77515,Theory,77515
93555,Neural_Networks,93555
17201,Reinforcement_Learning,17201
644494,Probabilistic_Methods,644494
17208,Reinforcement_Learning,17208
1125082,Genetic_Algorithms,1125082
1131647,Neural_Networks,1131647
74698,Probabilistic_Methods,74698
13652,Neural_Networks,13652
20942,Theory,20942
390894,Probabilistic_Methods,390894
390896,Probabilistic_Methods,390896
1125092,Reinforcement_Learning,1125092
13656,Neural_Networks,13656
1116347,Reinforcement_Learning,1116347
13658,Neural_Networks,13658
114966,Neural_Networks,114966
120013,Neural_Networks,120013
1117089,Reinforcement_Learning,1117089
57948,Theory,57948
334153,Theory,334153
160732,Rule_Learning,160732
1154103,Probabilistic_Methods,1154103
12946,Probabilistic_Methods,12946
1104787,Neural_Networks,1104787
17242,Probabilistic_Methods,17242
321861,Theory,321861
189721,Probabilistic_Methods,189721
1119211,Neural_Networks,1119211
12960,Theory,12960
95718,Theory,95718
6910,Neural_Networks,6910
180373,Neural_Networks,180373
6917,Rule_Learning,6917
358884,Theory,358884
887,Genetic_Algorithms,887
180399,Neural_Networks,180399
358894,Theory,358894
1154169,Neural_Networks,1154169
120084,Neural_Networks,120084
1120019,Neural_Networks,1120019
1152711,Neural_Networks,1152711
1154176,Genetic_Algorithms,1154176
424540,Neural_Networks,424540
1118546,Probabilistic_Methods,1118546
643003,Probabilistic_Methods,643003
112099,Case_Based,112099
1104007,Theory,1104007
1120049,Neural_Networks,1120049
175256,Genetic_Algorithms,175256
45605,Genetic_Algorithms,45605
15889,Case_Based,15889
35490,Case_Based,35490
221302,Case_Based,221302
562123,Neural_Networks,562123
1104031,Case_Based,1104031
1129442,Neural_Networks,1129442
1129443,Neural_Networks,1129443
1137466,Genetic_Algorithms,1137466
328370,Neural_Networks,328370
1103315,Reinforcement_Learning,1103315
12210,Theory,12210
1104055,Theory,1104055
64519,Reinforcement_Learning,64519
114,Reinforcement_Learning,114
1109873,Neural_Networks,1109873
128,Reinforcement_Learning,128
12238,Theory,12238
1112099,Theory,1112099
18774,Probabilistic_Methods,18774
18777,Probabilistic_Methods,18777
130,Reinforcement_Learning,130
23116,Theory,23116
948299,Neural_Networks,948299
6209,Reinforcement_Learning,6209
197054,Reinforcement_Learning,197054
6210,Reinforcement_Learning,6210
6213,Reinforcement_Learning,6213
6214,Reinforcement_Learning,6214
6216,Reinforcement_Learning,6216
6217,Reinforcement_Learning,6217
2653,Theory,2653
2658,Neural_Networks,2658
753047,Theory,753047
188318,Neural_Networks,188318
74700,Probabilistic_Methods,74700
67415,Theory,67415
6220,Reinforcement_Learning,6220
2665,Neural_Networks,2665
28957,Probabilistic_Methods,28957
143323,Case_Based,143323
340075,Neural_Networks,340075
1949,Case_Based,1949
1953,Case_Based,1953
1955,Case_Based,1955
1959,Case_Based,1959
390922,Probabilistic_Methods,390922
22431,Rule_Learning,22431
1113541,Neural_Networks,1113541
1132418,Neural_Networks,1132418
628500,Reinforcement_Learning,628500
648106,Neural_Networks,648106
1104809,Neural_Networks,1104809
4804,Theory,4804
648112,Neural_Networks,648112
33301,Case_Based,33301
33303,Case_Based,33303
267824,Neural_Networks,267824
1138970,Theory,1138970
13717,Rule_Learning,13717
1131719,Rule_Learning,1131719
1120866,Neural_Networks,1120866
1106287,Neural_Networks,1106287
755217,Reinforcement_Learning,755217
647408,Genetic_Algorithms,647408
1116410,Case_Based,1116410
1132459,Neural_Networks,1132459
1105574,Neural_Networks,1105574
1133196,Genetic_Algorithms,1133196
307336,Neural_Networks,307336
906,Neural_Networks,906
1131745,Neural_Networks,1131745
1131748,Neural_Networks,1131748
910,Neural_Networks,910
943,Case_Based,943
31927,Neural_Networks,31927
101261,Theory,101261
101263,Theory,101263
31932,Neural_Networks,31932
779960,Neural_Networks,779960
1135358,Theory,1135358
1154230,Probabilistic_Methods,1154230
1135368,Neural_Networks,1135368
28227,Reinforcement_Learning,28227
32688,Neural_Networks,32688
189856,Probabilistic_Methods,189856
27510,Theory,27510
27514,Neural_Networks,27514
1154276,Neural_Networks,1154276
27530,Neural_Networks,27530
1152821,Neural_Networks,1152821
28265,Case_Based,28265
103430,Neural_Networks,103430
27543,Neural_Networks,27543
39126,Probabilistic_Methods,39126
28278,Reinforcement_Learning,28278
39131,Case_Based,39131
10169,Theory,10169
28287,Reinforcement_Learning,28287
1129518,Probabilistic_Methods,1129518
1272,Theory,1272
194223,Probabilistic_Methods,194223
10177,Theory,10177
18811,Probabilistic_Methods,18811
18812,Probabilistic_Methods,18812
73327,Case_Based,73327
1117942,Reinforcement_Learning,1117942
15984,Probabilistic_Methods,15984
202522,Probabilistic_Methods,202522
1152858,Probabilistic_Methods,1152858
1152859,Neural_Networks,1152859
10183,Case_Based,10183
81350,Reinforcement_Learning,81350
259126,Neural_Networks,259126
13024,Rule_Learning,13024
1120170,Reinforcement_Learning,1120170
46452,Rule_Learning,46452
26850,Neural_Networks,26850
18832,Reinforcement_Learning,18832
18833,Reinforcement_Learning,18833
82098,Genetic_Algorithms,82098
103482,Neural_Networks,103482
158614,Theory,158614
46468,Probabilistic_Methods,46468
71904,Neural_Networks,71904
80656,Neural_Networks,80656
29708,Neural_Networks,29708
1128839,Neural_Networks,1128839
1128846,Neural_Networks,1128846
12330,Neural_Networks,12330
240321,Neural_Networks,240321
1128853,Rule_Learning,1128853
219976,Case_Based,219976
38480,Reinforcement_Learning,38480
12350,Theory,12350
1104191,Neural_Networks,1104191
7022,Neural_Networks,7022
63931,Rule_Learning,63931
68224,Neural_Networks,68224
1110768,Neural_Networks,1110768
384428,Neural_Networks,384428
1107041,Case_Based,1107041
1114352,Neural_Networks,1114352
1107062,Genetic_Algorithms,1107062
288,Reinforcement_Learning,288
1107067,Case_Based,1107067
91581,Probabilistic_Methods,91581
39904,Neural_Networks,39904
6334,Case_Based,6334
123825,Neural_Networks,123825
23258,Reinforcement_Learning,23258
66805,Genetic_Algorithms,66805
6346,Case_Based,6346
55968,Reinforcement_Learning,55968
368431,Theory,368431
179702,Neural_Networks,179702
1140547,Neural_Networks,1140547
1114388,Theory,1114388
90888,Neural_Networks,90888
510715,Probabilistic_Methods,510715
33412,Neural_Networks,33412
188471,Reinforcement_Learning,188471
1152143,Theory,1152143
1120962,Neural_Networks,1120962
1125258,Neural_Networks,1125258
648232,Neural_Networks,648232
143476,Probabilistic_Methods,143476
1152150,Neural_Networks,1152150
1117249,Theory,1117249
25413,Rule_Learning,25413
1152162,Neural_Networks,1152162
241821,Neural_Networks,241821
350362,Theory,350362
1116530,Probabilistic_Methods,1116530
61069,Genetic_Algorithms,61069
1110000,Probabilistic_Methods,1110000
646809,Genetic_Algorithms,646809
1105698,Probabilistic_Methods,1105698
1152194,Neural_Networks,1152194
198653,Genetic_Algorithms,198653
1116569,Neural_Networks,1116569
77758,Neural_Networks,77758
854434,Neural_Networks,854434
1128151,Genetic_Algorithms,1128151
1123867,Theory,1123867
191404,Probabilistic_Methods,191404
1116594,Neural_Networks,1116594
126793,Probabilistic_Methods,126793
43639,Neural_Networks,43639
44368,Genetic_Algorithms,44368
97390,Genetic_Algorithms,97390
87915,Probabilistic_Methods,87915
131117,Neural_Networks,131117
8581,Neural_Networks,8581
27606,Theory,27606
1115886,Reinforcement_Learning,1115886
184157,Reinforcement_Learning,184157
8594,Rule_Learning,8594
1152904,Neural_Networks,1152904
1120211,Neural_Networks,1120211
28350,Reinforcement_Learning,28350
1152910,Reinforcement_Learning,1152910
27627,Theory,27627
649731,Neural_Networks,649731
308920,Probabilistic_Methods,308920
289780,Genetic_Algorithms,289780
289781,Genetic_Algorithms,289781
19621,Neural_Networks,19621
1129608,Neural_Networks,1129608
1365,Neural_Networks,1365
103543,Probabilistic_Methods,103543
28387,Reinforcement_Learning,28387
28389,Reinforcement_Learning,28389
43698,Neural_Networks,43698
54550,Case_Based,54550
1129621,Neural_Networks,1129621
46536,Neural_Networks,46536
1129629,Genetic_Algorithms,1129629
294126,Rule_Learning,294126
568857,Genetic_Algorithms,568857
447224,Genetic_Algorithms,447224
38537,Probabilistic_Methods,38537
1152975,Case_Based,1152975
34979,Theory,34979
1104261,Theory,1104261
139865,Neural_Networks,139865
56709,Genetic_Algorithms,56709
1128945,Genetic_Algorithms,1128945
19697,Neural_Networks,19697
107177,Theory,107177
1131165,Probabilistic_Methods,1131165
1128959,Genetic_Algorithms,1128959
152219,Neural_Networks,152219
184918,Neural_Networks,184918
16008,Probabilistic_Methods,16008
1122425,Reinforcement_Learning,1122425
928873,Neural_Networks,928873
206259,Reinforcement_Learning,206259
714748,Probabilistic_Methods,714748
1131189,Probabilistic_Methods,1131189
217115,Theory,217115
560936,Neural_Networks,560936
1131198,Genetic_Algorithms,1131198
1128985,Genetic_Algorithms,1128985
466170,Neural_Networks,466170
429805,Case_Based,429805
561674,Neural_Networks,561674
654177,Case_Based,654177
95225,Theory,95225
37884,Probabilistic_Methods,37884
37888,Probabilistic_Methods,37888
1128997,Genetic_Algorithms,1128997
545647,Theory,545647
42207,Theory,42207
42209,Theory,42209
82920,Genetic_Algorithms,82920
128202,Theory,128202
128203,Theory,128203
1134056,Neural_Networks,1134056
1102873,Neural_Networks,1102873
42221,Theory,42221
1107171,Case_Based,1107171
1133338,Genetic_Algorithms,1133338
67633,Case_Based,67633
375825,Probabilistic_Methods,375825
48781,Genetic_Algorithms,48781
75674,Reinforcement_Learning,75674
289088,Neural_Networks,289088
1152244,Case_Based,1152244
13917,Reinforcement_Learning,13917
75695,Neural_Networks,75695
34257,Neural_Networks,34257
1117348,Neural_Networks,1117348
574710,Genetic_Algorithms,574710
34263,Neural_Networks,34263
1128204,Genetic_Algorithms,1128204
34266,Neural_Networks,34266
1128208,Genetic_Algorithms,1128208
1116629,Neural_Networks,1116629
110162,Case_Based,110162
110163,Case_Based,110163
110164,Case_Based,110164
628751,Neural_Networks,628751
708945,Neural_Networks,708945
1123926,Theory,1123926
1152277,Neural_Networks,1152277
77826,Case_Based,77826
77829,Case_Based,77829
8617,Neural_Networks,8617
242663,Probabilistic_Methods,242663
8619,Neural_Networks,8619
628764,Neural_Networks,628764
628766,Neural_Networks,628766
1125393,Case_Based,1125393
66986,Neural_Networks,66986
646913,Genetic_Algorithms,646913
578309,Neural_Networks,578309
18251,Case_Based,18251
1152290,Theory,1152290
954315,Rule_Learning,954315
212107,Probabilistic_Methods,212107
578337,Neural_Networks,578337
907845,Neural_Networks,907845
1127530,Probabilistic_Methods,1127530
1128267,Reinforcement_Learning,1128267
28412,Reinforcement_Learning,28412
594387,Genetic_Algorithms,594387
1127541,Neural_Networks,1127541
44455,Genetic_Algorithms,44455
45188,Theory,45188
45189,Theory,45189
62607,Rule_Learning,62607
1127551,Probabilistic_Methods,1127551
1123991,Probabilistic_Methods,1123991
1127558,Probabilistic_Methods,1127558
105057,Theory,105057
1128291,Genetic_Algorithms,1128291
1127566,Probabilistic_Methods,1127566
1154459,Genetic_Algorithms,1154459
218682,Case_Based,218682
28447,Case_Based,28447
1153736,Theory,1153736
62634,Genetic_Algorithms,62634
211432,Theory,211432
112378,Case_Based,112378
1113035,Neural_Networks,1113035
1118848,Neural_Networks,1118848
137790,Theory,137790
217984,Neural_Networks,217984
949217,Neural_Networks,949217
28473,Reinforcement_Learning,28473
1104300,Probabilistic_Methods,1104300
1105033,Reinforcement_Learning,1105033
11093,Probabilistic_Methods,11093
696342,Neural_Networks,696342
696343,Neural_Networks,696343
696346,Neural_Networks,696346
28487,Reinforcement_Learning,28487
5038,Theory,5038
195150,Rule_Learning,195150
62676,Neural_Networks,62676
13213,Reinforcement_Learning,13213
576973,Genetic_Algorithms,576973
35797,Neural_Networks,35797
134128,Reinforcement_Learning,134128
166825,Case_Based,166825
175576,Theory,175576
509379,Theory,509379
1113084,Neural_Networks,1113084
53942,Theory,53942
642621,Probabilistic_Methods,642621
1131236,Probabilistic_Methods,1131236
1112369,Neural_Networks,1112369
446610,Probabilistic_Methods,446610
644093,Probabilistic_Methods,644093
411092,Rule_Learning,411092
642641,Probabilistic_Methods,642641
408885,Probabilistic_Methods,408885
1131258,Probabilistic_Methods,1131258
1131267,Probabilistic_Methods,1131267
13269,Probabilistic_Methods,13269
1104379,Neural_Networks,1104379
1114502,Genetic_Algorithms,1114502
1107215,Case_Based,1107215
83725,Genetic_Algorithms,83725
84459,Theory,84459
642681,Probabilistic_Methods,642681
445938,Probabilistic_Methods,445938
1103676,Neural_Networks,1103676
1130568,Neural_Networks,1130568
1153003,Neural_Networks,1153003
51045,Probabilistic_Methods,51045
12576,Genetic_Algorithms,12576
144330,Theory,144330
105865,Neural_Networks,105865
51052,Probabilistic_Methods,51052
746058,Neural_Networks,746058
1153014,Probabilistic_Methods,1153014
641976,Neural_Networks,641976
561789,Probabilistic_Methods,561789
1130586,Neural_Networks,1130586
368605,Neural_Networks,368605
1133428,Neural_Networks,1133428
1113828,Neural_Networks,1113828
129042,Case_Based,129042
129045,Case_Based,129045
6539,Theory,6539
1153031,Neural_Networks,1153031
1122580,Theory,1122580
1132706,Case_Based,1132706
1152308,Case_Based,1152308
105899,Probabilistic_Methods,105899
50354,Neural_Networks,50354
1121867,Theory,1121867
1113852,Theory,1113852
1153056,Reinforcement_Learning,1153056
94641,Genetic_Algorithms,94641
1153065,Genetic_Algorithms,1153065
1133469,Reinforcement_Learning,1133469
35070,Case_Based,35070
576257,Genetic_Algorithms,576257
368657,Neural_Networks,368657
1129018,Genetic_Algorithms,1129018
263069,Genetic_Algorithms,263069
1129027,Genetic_Algorithms,1129027
1152358,Genetic_Algorithms,1152358
1125467,Probabilistic_Methods,1125467
1125469,Probabilistic_Methods,1125469
72101,Neural_Networks,72101
40922,Case_Based,40922
1153097,Neural_Networks,1153097
1109439,Neural_Networks,1109439
423463,Probabilistic_Methods,423463
128383,Case_Based,128383
683360,Probabilistic_Methods,683360
1129040,Genetic_Algorithms,1129040
52515,Probabilistic_Methods,52515
41666,Theory,41666
1128319,Genetic_Algorithms,1128319
1152379,Theory,1152379
1136342,Genetic_Algorithms,1136342
1125492,Genetic_Algorithms,1125492
1108728,Rule_Learning,1108728
265203,Genetic_Algorithms,265203
628888,Neural_Networks,628888
1127619,Rule_Learning,1127619
56112,Genetic_Algorithms,56112
56115,Genetic_Algorithms,56115
56119,Genetic_Algorithms,56119
89547,Theory,89547
51831,Neural_Networks,51831
91038,Probabilistic_Methods,91038
96847,Genetic_Algorithms,96847
521855,Probabilistic_Methods,521855
594483,Genetic_Algorithms,594483
1119623,Probabilistic_Methods,1119623
96851,Genetic_Algorithms,96851
1136397,Neural_Networks,1136397
158172,Probabilistic_Methods,158172
1127657,Theory,1127657
131315,Neural_Networks,131315
131318,Neural_Networks,131318
289945,Neural_Networks,289945
62718,Case_Based,62718
229635,Genetic_Algorithms,229635
56167,Case_Based,56167
1119654,Case_Based,1119654
51879,Probabilistic_Methods,51879
10435,Case_Based,10435
137873,Probabilistic_Methods,137873
168332,Reinforcement_Learning,168332
330208,Neural_Networks,330208
689152,Neural_Networks,689152
1120444,Case_Based,1120444
1153877,Case_Based,1153877
111770,Probabilistic_Methods,111770
1153879,Case_Based,1153879
108047,Genetic_Algorithms,108047
1131300,Probabilistic_Methods,1131300
362926,Rule_Learning,362926
129896,Probabilistic_Methods,129896
129897,Probabilistic_Methods,129897
59045,Theory,59045
1153889,Case_Based,1153889
239810,Case_Based,239810
20601,Theory,20601
20602,Theory,20602
416964,Neural_Networks,416964
38722,Theory,38722
72908,Rule_Learning,72908
116081,Rule_Learning,116081
1153897,Genetic_Algorithms,1153897
116084,Rule_Learning,116084
116087,Rule_Learning,116087
1113182,Reinforcement_Learning,1113182
1131330,Probabilistic_Methods,1131330
582139,Neural_Networks,582139
561809,Probabilistic_Methods,561809
14062,Genetic_Algorithms,14062
1104449,Neural_Networks,1104449
39474,Genetic_Algorithms,39474
27895,Theory,27895
167670,Probabilistic_Methods,167670
1131345,Neural_Networks,1131345
1131348,Neural_Networks,1131348
14083,Neural_Networks,14083
1103737,Theory,1103737
65650,Theory,65650
93273,Theory,93273
65653,Theory,65653
5194,Neural_Networks,5194
14090,Probabilistic_Methods,14090
1131360,Genetic_Algorithms,1131360
1130634,Neural_Networks,1130634
976284,Theory,976284
1130637,Case_Based,1130637
593022,Genetic_Algorithms,593022
1131374,Genetic_Algorithms,1131374
975567,Genetic_Algorithms,975567
133550,Neural_Networks,133550
145134,Neural_Networks,145134
1130653,Case_Based,1130653
1130657,Case_Based,1130657
1104495,Neural_Networks,1104495
133566,Neural_Networks,133566
133567,Neural_Networks,133567
1122642,Neural_Networks,1122642
1114629,Reinforcement_Learning,1114629
91852,Case_Based,91852
91853,Case_Based,91853
376704,Case_Based,376704
1153101,Rule_Learning,1153101
32276,Theory,32276
1130678,Neural_Networks,1130678
83847,Neural_Networks,83847
8079,Theory,8079
593068,Genetic_Algorithms,593068
285675,Neural_Networks,285675
1130680,Neural_Networks,1130680
1106630,Neural_Networks,1106630
278394,Neural_Networks,278394
285687,Neural_Networks,285687
69284,Genetic_Algorithms,69284
6639,Rule_Learning,6639
14807,Theory,14807
152483,Genetic_Algorithms,152483
683404,Probabilistic_Methods,683404
593091,Genetic_Algorithms,593091
1117501,Neural_Networks,1117501
99023,Neural_Networks,99023
99025,Neural_Networks,99025
513189,Genetic_Algorithms,513189
1152421,Genetic_Algorithms,1152421
1153150,Rule_Learning,1153150
99030,Neural_Networks,99030
1105932,Rule_Learning,1105932
1153160,Theory,1153160
1106671,Neural_Networks,1106671
531348,Probabilistic_Methods,531348
577086,Genetic_Algorithms,577086
531351,Probabilistic_Methods,531351
25702,Neural_Networks,25702
87482,Neural_Networks,87482
135765,Rule_Learning,135765
135766,Rule_Learning,135766
1132864,Probabilistic_Methods,1132864
22886,Case_Based,22886
1118286,Rule_Learning,1118286
162664,Probabilistic_Methods,162664
1109542,Probabilistic_Methods,1109542
1116835,Neural_Networks,1116835
1116839,Case_Based,1116839
1103016,Neural_Networks,1103016
1128425,Neural_Networks,1128425
1116842,Theory,1116842
1136446,Neural_Networks,1136446
1136447,Neural_Networks,1136447
27199,Theory,27199
1125597,Genetic_Algorithms,1125597
1132887,Probabilistic_Methods,1132887
593813,Genetic_Algorithms,593813
594543,Genetic_Algorithms,594543
917493,Neural_Networks,917493
1128430,Case_Based,1128430
51909,Rule_Learning,51909
1108834,Neural_Networks,1108834
1128437,Theory,1128437
989397,Theory,989397
97645,Genetic_Algorithms,97645
8832,Case_Based,8832
1103031,Probabilistic_Methods,1103031
346243,Theory,346243
1119708,Genetic_Algorithms,1119708
36620,Case_Based,36620
25772,Neural_Networks,25772
640617,Genetic_Algorithms,640617
8865,Genetic_Algorithms,8865
950986,Neural_Networks,950986
35905,Neural_Networks,35905
8875,Genetic_Algorithms,8875
25791,Neural_Networks,25791
100961,Neural_Networks,100961
738941,Neural_Networks,738941
64271,Case_Based,64271
3084,Case_Based,3084
3085,Case_Based,3085
28649,Theory,28649
3095,Case_Based,3095
3097,Case_Based,3097
1153943,Genetic_Algorithms,1153943
1121254,Probabilistic_Methods,1121254
74427,Neural_Networks,74427
231249,Genetic_Algorithms,231249
1105221,Genetic_Algorithms,1105221
28674,Theory,28674
1129907,Probabilistic_Methods,1129907
650807,Genetic_Algorithms,650807
348437,Theory,348437
1688,Genetic_Algorithms,1688
33013,Reinforcement_Learning,33013
38829,Case_Based,38829
307015,Genetic_Algorithms,307015
127033,Genetic_Algorithms,127033
310742,Probabilistic_Methods,310742
1694,Genetic_Algorithms,1694
650834,Genetic_Algorithms,650834
1131420,Neural_Networks,1131420
193918,Neural_Networks,193918
85324,Neural_Networks,85324
642827,Probabilistic_Methods,642827
38845,Case_Based,38845
193931,Neural_Networks,193931
193932,Neural_Networks,193932
4553,Rule_Learning,4553
1116146,Case_Based,1116146
85352,Genetic_Algorithms,85352
261040,Case_Based,261040
145215,Case_Based,145215
646412,Probabilistic_Methods,646412
1131464,Neural_Networks,1131464
1131466,Probabilistic_Methods,1131466
574264,Genetic_Algorithms,574264
458439,Theory,458439
57764,Theory,57764
646440,Probabilistic_Methods,646440
1111899,Case_Based,1111899
521252,Theory,521252
1115471,Rule_Learning,1115471
1123493,Theory,1123493
601462,Genetic_Algorithms,601462
421481,Probabilistic_Methods,421481
385572,Neural_Networks,385572
30934,Theory,30934
84695,Neural_Networks,84695
189566,Probabilistic_Methods,189566
69397,Theory,69397
6741,Theory,6741
177998,Genetic_Algorithms,177998
395725,Neural_Networks,395725
61417,Rule_Learning,61417
54129,Genetic_Algorithms,54129
1118347,Neural_Networks,1118347
1106764,Rule_Learning,1106764
102406,Theory,102406
75972,Rule_Learning,75972
95579,Reinforcement_Learning,95579
54132,Genetic_Algorithms,54132
27243,Theory,27243
1153262,Probabilistic_Methods,1153262
1153264,Theory,1153264
30973,Neural_Networks,30973
1129208,Theory,1129208
1106771,Neural_Networks,1106771
27249,Theory,27249
95586,Reinforcement_Learning,95586
95588,Reinforcement_Learning,95588
255233,Case_Based,255233
6775,Neural_Networks,6775
129287,Neural_Networks,129287
27250,Theory,27250
19231,Theory,19231
1153275,Theory,1153275
1132948,Neural_Networks,1132948
1106789,Probabilistic_Methods,1106789
95597,Reinforcement_Learning,95597
6784,Neural_Networks,6784
682815,Genetic_Algorithms,682815
1153280,Genetic_Algorithms,1153280
148170,Genetic_Algorithms,148170
263279,Genetic_Algorithms,263279
1116922,Rule_Learning,1116922
1152564,Case_Based,1152564
1118388,Case_Based,1118388
851968,Neural_Networks,851968
3101,Case_Based,3101
1129243,Reinforcement_Learning,1129243
170798,Case_Based,170798
3112,Case_Based,3112
503877,Genetic_Algorithms,503877
17821,Reinforcement_Learning,17821
503883,Genetic_Algorithms,503883
561238,Genetic_Algorithms,561238
1110438,Neural_Networks,1110438
575795,Genetic_Algorithms,575795
1116974,Neural_Networks,1116974
272720,Theory,272720
415693,Genetic_Algorithms,415693
18582,Genetic_Algorithms,18582
11325,Rule_Learning,11325
11326,Theory,11326
1103162,Reinforcement_Learning,1103162
1111186,Neural_Networks,1111186
578645,Genetic_Algorithms,578645
578646,Genetic_Algorithms,578646
578649,Genetic_Algorithms,578649
1121313,Case_Based,1121313
11335,Rule_Learning,11335
1102442,Theory,1102442
11339,Theory,11339
52784,Theory,52784
11342,Theory,11342
1130080,Neural_Networks,1130080
3191,Probabilistic_Methods,3191
3192,Probabilistic_Methods,3192
400455,Neural_Networks,400455
1135899,Neural_Networks,1135899
591017,Rule_Learning,591017
751408,Neural_Networks,751408
1140230,Neural_Networks,1140230
1140231,Neural_Networks,1140231
1106052,Case_Based,1106052
70970,Genetic_Algorithms,70970
67245,Neural_Networks,67245
67246,Neural_Networks,67246
205196,Neural_Networks,205196
135130,Reinforcement_Learning,135130
123556,Neural_Networks,123556
645084,Probabilistic_Methods,645084
1786,Rule_Learning,1786
66556,Genetic_Algorithms,66556
1130808,Neural_Networks,1130808
4649,Rule_Learning,4649
582343,Theory,582343
395075,Genetic_Algorithms,395075
582349,Neural_Networks,582349
20833,Case_Based,20833
1131549,Genetic_Algorithms,1131549
58552,Neural_Networks,58552
85449,Neural_Networks,85449
49811,Theory,49811
77438,Probabilistic_Methods,77438
4660,Theory,4660
66594,Theory,66594
66596,Rule_Learning,66596
314459,Neural_Networks,314459
1116268,Theory,1116268
1103960,Genetic_Algorithms,1103960
49843,Rule_Learning,49843
1103969,Probabilistic_Methods,1103969
593240,Genetic_Algorithms,593240
207395,Case_Based,207395
593248,Genetic_Algorithms,593248
943087,Theory,943087
7532,Neural_Networks,7532
7537,Neural_Networks,7537
25181,Neural_Networks,25181
25184,Neural_Networks,25184
16437,Neural_Networks,16437
1103985,Genetic_Algorithms,1103985
6814,Probabilistic_Methods,6814
6818,Probabilistic_Methods,6818
1154042,Neural_Networks,1154042
23738,Theory,23738
1107558,Probabilistic_Methods,1107558
137359,Rule_Learning,137359
16451,Neural_Networks,16451
318071,Probabilistic_Methods,318071
232860,Neural_Networks,232860
1107572,Theory,1107572
49895,Rule_Learning,49895
16474,Neural_Networks,16474
1154076,Genetic_Algorithms,1154076
626999,Neural_Networks,626999
137380,Rule_Learning,137380
1119178,Case_Based,1119178
33904,Genetic_Algorithms,33904
1119180,Case_Based,1119180
33907,Genetic_Algorithms,33907
174418,Theory,174418
70281,Neural_Networks,70281
73119,Probabilistic_Methods,73119
9716,Theory,9716
174425,Theory,174425
416455,Genetic_Algorithms,416455
18615,Rule_Learning,18615
127940,Neural_Networks,127940
1152663,Reinforcement_Learning,1152663
675649,Neural_Networks,675649
1117760,Reinforcement_Learning,1117760
1138091,Case_Based,1138091
1152673,Neural_Networks,1152673
321004,Genetic_Algorithms,321004
139547,Neural_Networks,139547
45533,Neural_Networks,45533
3217,Theory,3217
1111240,Neural_Networks,1111240
523574,Probabilistic_Methods,523574
1110515,Genetic_Algorithms,1110515
73162,Probabilistic_Methods,73162
52835,Rule_Learning,52835
3220,Neural_Networks,3220
3223,Theory,3223
1129367,Genetic_Algorithms,1129367
1129368,Genetic_Algorithms,1129368
1129369,Genetic_Algorithms,1129369
84021,Genetic_Algorithms,84021
1127913,Genetic_Algorithms,1127913
3233,Probabilistic_Methods,3233
3235,Probabilistic_Methods,3235
3236,Theory,3236
562067,Probabilistic_Methods,562067
3240,Theory,3240
92065,Neural_Networks,92065
213246,Neural_Networks,213246
911198,Neural_Networks,911198
12158,Theory,12158
20178,Case_Based,20178
20179,Case_Based,20179
80491,Neural_Networks,80491
561364,Probabilistic_Methods,561364
20180,Case_Based,20180
245955,Reinforcement_Learning,245955
1102548,Case_Based,1102548
1817,Genetic_Algorithms,1817
31043,Neural_Networks,31043
1102550,Genetic_Algorithms,1102550
20193,Case_Based,20193
1110579,Case_Based,1110579
213279,Neural_Networks,213279
1133010,Probabilistic_Methods,1133010
157761,Theory,157761
31055,Neural_Networks,31055
12194,Theory,12194
1133028,Theory,1133028
578780,Genetic_Algorithms,578780
12198,Theory,12198
12199,Theory,12199
90655,Neural_Networks,90655
6130,Neural_Networks,6130
337766,Case_Based,337766
112787,Case_Based,112787
1133047,Genetic_Algorithms,1133047
1105428,Rule_Learning,1105428
785678,Genetic_Algorithms,785678
644441,Probabilistic_Methods,644441
672064,Neural_Networks,672064
41216,Neural_Networks,41216
1105433,Probabilistic_Methods,1105433
1113459,Reinforcement_Learning,1113459
55770,Case_Based,55770
6163,Reinforcement_Learning,6163
259701,Genetic_Algorithms,259701
259702,Genetic_Algorithms,259702
1131607,Probabilistic_Methods,1131607
430329,Neural_Networks,430329
643734,Neural_Networks,643734
643735,Neural_Networks,643735
656048,Case_Based,656048
1131611,Theory,1131611
617575,Neural_Networks,617575
1105450,Theory,1105450
15076,Neural_Networks,15076
10793,Theory,10793
1117049,Genetic_Algorithms,1117049
647315,Genetic_Algorithms,647315
33231,Probabilistic_Methods,33231
1116328,Neural_Networks,1116328
1104749,Genetic_Algorithms,1104749
594025,Genetic_Algorithms,594025
315266,Probabilistic_Methods,315266
643777,Neural_Networks,643777
1130927,Neural_Networks,1130927
1132385,Theory,1132385
1108329,Case_Based,1108329
1130929,Neural_Networks,1130929
1104769,Probabilistic_Methods,1104769
594047,Genetic_Algorithms,594047
1130931,Neural_Networks,1130931
1130934,Neural_Networks,1130934
141868,Case_Based,141868
593329,Genetic_Algorithms,593329
144701,Genetic_Algorithms,144701
574462,Genetic_Algorithms,574462
60170,Neural_Networks,60170
120039,Case_Based,120039
502574,Case_Based,502574
293974,Probabilistic_Methods,293974
1119216,Probabilistic_Methods,1119216
1108363,Case_Based,1108363
191216,Neural_Networks,191216
469504,Neural_Networks,469504
358866,Probabilistic_Methods,358866
1116397,Case_Based,1116397
191222,Neural_Networks,191222
36145,Neural_Networks,36145
1115677,Neural_Networks,1115677
577331,Genetic_Algorithms,577331
31863,Probabilistic_Methods,31863
566488,Case_Based,566488
358887,Probabilistic_Methods,358887
6935,Rule_Learning,6935
6939,Rule_Learning,6939
197783,Neural_Networks,197783
34708,Neural_Networks,34708
1107674,Genetic_Algorithms,1107674
248119,Theory,248119
318187,Rule_Learning,318187
1152714,Neural_Networks,1152714
1154173,Probabilistic_Methods,1154173
300071,Probabilistic_Methods,300071
1120020,Reinforcement_Learning,1120020
423816,Genetic_Algorithms,423816
1106966,Reinforcement_Learning,1106966
148341,Genetic_Algorithms,148341
136766,Rule_Learning,136766
325497,Reinforcement_Learning,325497
136767,Theory,136767
136768,Rule_Learning,136768
409255,Neural_Networks,409255
1152740,Reinforcement_Learning,1152740
1117833,Case_Based,1117833
309476,Theory,309476
1120059,Neural_Networks,1120059
80515,Neural_Networks,80515
65212,Neural_Networks,65212
15892,Case_Based,15892
1120084,Neural_Networks,1120084
576691,Genetic_Algorithms,576691
148399,Theory,148399
175291,Neural_Networks,175291
1112071,Probabilistic_Methods,1112071
117,Reinforcement_Learning,117
157805,Theory,157805
300806,Neural_Networks,300806
31105,Neural_Networks,31105
154982,Probabilistic_Methods,154982
141160,Neural_Networks,141160
112813,Case_Based,112813
98693,Genetic_Algorithms,98693
98698,Genetic_Algorithms,98698
192734,Theory,192734
12247,Theory,12247
1109891,Neural_Networks,1109891
141171,Neural_Networks,141171
312409,Neural_Networks,312409
608190,Genetic_Algorithms,608190
608191,Genetic_Algorithms,608191
55801,Case_Based,55801
1136791,Genetic_Algorithms,1136791
815073,Neural_Networks,815073
1114222,Probabilistic_Methods,1114222
173884,Probabilistic_Methods,173884
1102646,Neural_Networks,1102646
63832,Genetic_Algorithms,63832
211906,Theory,211906
83449,Case_Based,83449
2654,Theory,2654
815096,Neural_Networks,815096
277263,Rule_Learning,277263
1105505,Neural_Networks,1105505
48550,Neural_Networks,48550
83461,Rule_Learning,83461
48555,Neural_Networks,48555
6238,Theory,6238
636500,Theory,636500
340078,Neural_Networks,340078
1113534,Neural_Networks,1113534
578898,Genetic_Algorithms,578898
1951,Case_Based,1951
1952,Case_Based,1952
1956,Case_Based,1956
636511,Neural_Networks,636511
463825,Theory,463825
1121569,Neural_Networks,1121569
1105531,Probabilistic_Methods,1105531
14428,Probabilistic_Methods,14428
14429,Probabilistic_Methods,14429
74749,Theory,74749
14430,Probabilistic_Methods,14430
14431,Probabilistic_Methods,14431
1132434,Neural_Networks,1132434
648121,Neural_Networks,648121
582511,Theory,582511
688849,Neural_Networks,688849
1997,Probabilistic_Methods,1997
1131728,Case_Based,1131728
1106298,Theory,1106298
86359,Reinforcement_Learning,86359
647413,Genetic_Algorithms,647413
1120880,Neural_Networks,1120880
1131734,Genetic_Algorithms,1131734
562940,Rule_Learning,562940
230879,Neural_Networks,230879
1104851,Theory,1104851
1152075,Theory,1152075
58758,Genetic_Algorithms,58758
230884,Neural_Networks,230884
34082,Probabilistic_Methods,34082
1132486,Neural_Networks,1132486
39890,Probabilistic_Methods,39890
66782,Rule_Learning,66782
218410,Reinforcement_Learning,218410
647447,Genetic_Algorithms,647447
1117184,Case_Based,1117184
66794,Probabilistic_Methods,66794
227178,Genetic_Algorithms,227178
936,Case_Based,936
940,Case_Based,940
575292,Genetic_Algorithms,575292
941,Case_Based,941
1109185,Neural_Networks,1109185
85688,Rule_Learning,85688
28202,Reinforcement_Learning,28202
50807,Genetic_Algorithms,50807
379288,Case_Based,379288
1154229,Probabilistic_Methods,1154229
1109199,Genetic_Algorithms,1109199
118682,Probabilistic_Methods,118682
153598,Reinforcement_Learning,153598
1154251,Neural_Networks,1154251
62417,Probabilistic_Methods,62417
1125909,Probabilistic_Methods,1125909
79809,Theory,79809
739280,Neural_Networks,739280
70441,Case_Based,70441
70442,Case_Based,70442
70444,Case_Based,70444
79817,Probabilistic_Methods,79817
129558,Case_Based,129558
892139,Reinforcement_Learning,892139
576725,Genetic_Algorithms,576725
28254,Neural_Networks,28254
1246,Reinforcement_Learning,1246
237376,Theory,237376
27531,Neural_Networks,27531
397488,Genetic_Algorithms,397488
42847,Neural_Networks,42847
42848,Genetic_Algorithms,42848
155736,Theory,155736
155738,Theory,155738
39124,Case_Based,39124
39127,Rule_Learning,39127
39130,Case_Based,39130
1153577,Genetic_Algorithms,1153577
335733,Genetic_Algorithms,335733
28290,Reinforcement_Learning,28290
18815,Case_Based,18815
1136814,Genetic_Algorithms,1136814
1120169,Theory,1120169
82087,Genetic_Algorithms,82087
178209,Rule_Learning,178209
139738,Neural_Networks,139738
82090,Genetic_Algorithms,82090
18834,Reinforcement_Learning,18834
39165,Probabilistic_Methods,39165
190698,Neural_Networks,190698
1125992,Case_Based,1125992
1109957,Reinforcement_Learning,1109957
46470,Theory,46470
46476,Rule_Learning,46476
1129570,Genetic_Algorithms,1129570
1071981,Reinforcement_Learning,1071981
1129573,Genetic_Algorithms,1129573
39199,Neural_Networks,39199
12337,Neural_Networks,12337
29723,Probabilistic_Methods,29723
694759,Genetic_Algorithms,694759
46491,Theory,46491
1128856,Rule_Learning,1128856
1107010,Case_Based,1107010
643199,Genetic_Algorithms,643199
1104182,Reinforcement_Learning,1104182
12347,Neural_Networks,12347
63915,Neural_Networks,63915
519353,Probabilistic_Methods,519353
608292,Genetic_Algorithms,608292
1121603,Neural_Networks,1121603
1130356,Theory,1130356
12359,Neural_Networks,12359
192850,Theory,192850
7032,Probabilistic_Methods,7032
1128881,Rule_Learning,1128881
140569,Neural_Networks,140569
1114331,Genetic_Algorithms,1114331
7041,Neural_Networks,7041
561581,Probabilistic_Methods,561581
561582,Probabilistic_Methods,561582
192870,Neural_Networks,192870
1113614,Reinforcement_Learning,1113614
1102761,Case_Based,1102761
116528,Theory,116528
561595,Probabilistic_Methods,561595
94416,Rule_Learning,94416
5600,Case_Based,5600
1000012,Rule_Learning,1000012
1114364,Neural_Networks,1114364
1121659,Probabilistic_Methods,1121659
66809,Reinforcement_Learning,66809
6343,Case_Based,6343
212777,Rule_Learning,212777
583318,Genetic_Algorithms,583318
709518,Neural_Networks,709518
350319,Neural_Networks,350319
116553,Genetic_Algorithms,116553
170338,Reinforcement_Learning,170338
179706,Neural_Networks,179706
1112929,Neural_Networks,1112929
656231,Case_Based,656231
14531,Case_Based,14531
1106370,Neural_Networks,1106370
1109208,Genetic_Algorithms,1109208
1114398,Neural_Networks,1114398
95188,Case_Based,95188
510718,Probabilistic_Methods,510718
208345,Case_Based,208345
6378,Reinforcement_Learning,6378
22563,Neural_Networks,22563
10981,Neural_Networks,10981
110041,Genetic_Algorithms,110041
14549,Theory,14549
95198,Case_Based,95198
6385,Reinforcement_Learning,6385
575331,Genetic_Algorithms,575331
568045,Rule_Learning,568045
1136110,Neural_Networks,1136110
1131828,Case_Based,1131828
67584,Probabilistic_Methods,67584
243274,Neural_Networks,243274
135464,Neural_Networks,135464
1105672,Neural_Networks,1105672
93755,Theory,93755
756061,Neural_Networks,756061
522338,Probabilistic_Methods,522338
219239,Theory,219239
61073,Genetic_Algorithms,61073
262178,Genetic_Algorithms,262178
686015,Neural_Networks,686015
1110024,Case_Based,1110024
613409,Probabilistic_Methods,613409
686030,Neural_Networks,686030
227286,Neural_Networks,227286
45061,Theory,45061
646836,Genetic_Algorithms,646836
1108551,Theory,1108551
13885,Neural_Networks,13885
1104999,Genetic_Algorithms,1104999
566653,Case_Based,566653
1127430,Genetic_Algorithms,1127430
299197,Neural_Networks,299197
1135455,Neural_Networks,1135455
97377,Theory,97377
592826,Rule_Learning,592826
566664,Case_Based,566664
633030,Probabilistic_Methods,633030
633031,Probabilistic_Methods,633031
686061,Theory,686061
592830,Rule_Learning,592830
573964,Genetic_Algorithms,573964
1155073,Rule_Learning,1155073
17476,Reinforcement_Learning,17476
17477,Genetic_Algorithms,17477
190706,Genetic_Algorithms,190706
28336,Genetic_Algorithms,28336
573978,Genetic_Algorithms,573978
1107861,Theory,1107861
17488,Reinforcement_Learning,17488
1128198,Genetic_Algorithms,1128198
1108597,Case_Based,1108597
103515,Genetic_Algorithms,103515
27623,Neural_Networks,27623
200480,Case_Based,200480
103529,Case_Based,103529
649730,Neural_Networks,649730
39210,Neural_Networks,39210
46501,Theory,46501
27632,Reinforcement_Learning,27632
649739,Neural_Networks,649739
1119471,Theory,1119471
103531,Case_Based,103531
470511,Case_Based,470511
509233,Theory,509233
236759,Neural_Networks,236759
237489,Neural_Networks,237489
1152944,Reinforcement_Learning,1152944
1118764,Theory,1118764
643221,Probabilistic_Methods,643221
212097,Probabilistic_Methods,212097
608326,Genetic_Algorithms,608326
643239,Probabilistic_Methods,643239
1131116,Genetic_Algorithms,1131116
202639,Neural_Networks,202639
141324,Genetic_Algorithms,141324
294145,Rule_Learning,294145
1128927,Rule_Learning,1128927
561610,Probabilistic_Methods,561610
561611,Probabilistic_Methods,561611
147870,Neural_Networks,147870
248395,Neural_Networks,248395
1128935,Rule_Learning,1128935
241133,Theory,241133
141342,Genetic_Algorithms,141342
141347,Genetic_Algorithms,141347
1128946,Genetic_Algorithms,1128946
1131164,Probabilistic_Methods,1131164
12439,Neural_Networks,12439
1131167,Probabilistic_Methods,1131167
1129683,Genetic_Algorithms,1129683
359067,Case_Based,359067
117315,Genetic_Algorithms,117315
117316,Genetic_Algorithms,117316
144212,Genetic_Algorithms,144212
1106401,Theory,1106401
1134022,Genetic_Algorithms,1134022
13193,Reinforcement_Learning,13193
1131192,Probabilistic_Methods,1131192
1107136,Genetic_Algorithms,1107136
1131195,Neural_Networks,1131195
1128982,Genetic_Algorithms,1128982
121792,Neural_Networks,121792
653441,Probabilistic_Methods,653441
385251,Theory,385251
1126011,Probabilistic_Methods,1126011
1134031,Rule_Learning,1134031
642593,Neural_Networks,642593
1115166,Case_Based,1115166
737204,Neural_Networks,737204
118079,Reinforcement_Learning,118079
1122460,Neural_Networks,1122460
1114442,Genetic_Algorithms,1114442
589923,Probabilistic_Methods,589923
1121739,Reinforcement_Learning,1121739
626574,Probabilistic_Methods,626574
1126037,Neural_Networks,1126037
645452,Probabilistic_Methods,645452
753264,Theory,753264
1126044,Neural_Networks,1126044
74920,Probabilistic_Methods,74920
74921,Probabilistic_Methods,74921
1105718,Neural_Networks,1105718
48764,Reinforcement_Learning,48764
48768,Reinforcement_Learning,48768
1113742,Genetic_Algorithms,1113742
74937,Neural_Networks,74937
575402,Genetic_Algorithms,575402
168958,Neural_Networks,168958
78508,Neural_Networks,78508
289085,Neural_Networks,289085
78511,Genetic_Algorithms,78511
308232,Rule_Learning,308232
682508,Probabilistic_Methods,682508
75691,Neural_Networks,75691
75693,Reinforcement_Learning,75693
75694,Reinforcement_Learning,75694
155158,Rule_Learning,155158
1105764,Reinforcement_Learning,1105764
1152259,Probabilistic_Methods,1152259
579008,Genetic_Algorithms,579008
1128201,Genetic_Algorithms,1128201
1133390,Theory,1133390
1118083,Neural_Networks,1118083
78549,Neural_Networks,78549
604073,Neural_Networks,604073
595056,Genetic_Algorithms,595056
1118092,Reinforcement_Learning,1118092
1125386,Theory,1125386
78552,Neural_Networks,78552
78555,Neural_Networks,78555
78557,Neural_Networks,78557
646900,Genetic_Algorithms,646900
595063,Genetic_Algorithms,595063
648369,Neural_Networks,648369
1128227,Genetic_Algorithms,1128227
89416,Probabilistic_Methods,89416
578306,Neural_Networks,578306
683294,Probabilistic_Methods,683294
440815,Probabilistic_Methods,440815
126867,Case_Based,126867
126868,Case_Based,126868
72056,Neural_Networks,72056
1119505,Genetic_Algorithms,1119505
1128256,Theory,1128256
1108656,Case_Based,1108656
71336,Neural_Networks,71336
1109392,Neural_Networks,1109392
40886,Neural_Networks,40886
1115959,Neural_Networks,1115959
578347,Neural_Networks,578347
284023,Neural_Networks,284023
345340,Reinforcement_Learning,345340
621555,Neural_Networks,621555
118873,Neural_Networks,118873
8687,Rule_Learning,8687
226698,Neural_Networks,226698
578365,Neural_Networks,578365
1135589,Neural_Networks,1135589
8696,Theory,8696
1118823,Theory,1118823
411005,Neural_Networks,411005
509315,Genetic_Algorithms,509315
171954,Theory,171954
230300,Reinforcement_Learning,230300
1105011,Probabilistic_Methods,1105011
1121057,Case_Based,1121057
592973,Genetic_Algorithms,592973
592975,Genetic_Algorithms,592975
48066,Theory,48066
248431,Genetic_Algorithms,248431
1121063,Theory,1121063
592986,Genetic_Algorithms,592986
48075,Rule_Learning,48075
289885,Probabilistic_Methods,289885
592993,Genetic_Algorithms,592993
592996,Genetic_Algorithms,592996
28489,Reinforcement_Learning,28489
590022,Probabilistic_Methods,590022
111676,Case_Based,111676
13205,Reinforcement_Learning,13205
13208,Reinforcement_Learning,13208
102938,Neural_Networks,102938
102939,Neural_Networks,102939
416867,Theory,416867
72805,Rule_Learning,72805
574009,Genetic_Algorithms,574009
294239,Neural_Networks,294239
1131223,Probabilistic_Methods,1131223
77108,Theory,77108
5064,Case_Based,5064
5069,Case_Based,5069
1131230,Probabilistic_Methods,1131230
40125,Probabilistic_Methods,40125
1123215,Theory,1123215
20526,Reinforcement_Learning,20526
20528,Case_Based,20528
77112,Theory,77112
107251,Theory,107251
107252,Theory,107252
5075,Case_Based,5075
126128,Neural_Networks,126128
734406,Neural_Networks,734406
40131,Neural_Networks,40131
703953,Probabilistic_Methods,703953
40135,Neural_Networks,40135
1131257,Probabilistic_Methods,1131257
1123239,Neural_Networks,1123239
1129778,Genetic_Algorithms,1129778
662250,Neural_Networks,662250
711994,Neural_Networks,711994
273949,Theory,273949
1131266,Probabilistic_Methods,1131266
1130539,Case_Based,1130539
377303,Genetic_Algorithms,377303
179180,Neural_Networks,179180
1129798,Genetic_Algorithms,1129798
1114512,Rule_Learning,1114512
1110950,Case_Based,1110950
12558,Genetic_Algorithms,12558
853114,Neural_Networks,853114
853115,Neural_Networks,853115
853116,Neural_Networks,853116
853118,Neural_Networks,853118
1114526,Theory,1114526
212930,Neural_Networks,212930
206371,Genetic_Algorithms,206371
105856,Neural_Networks,105856
463,Case_Based,463
20592,Neural_Networks,20592
51049,Probabilistic_Methods,51049
20593,Neural_Networks,20593
83746,Neural_Networks,83746
124734,Theory,124734
106590,Probabilistic_Methods,106590
1133417,Probabilistic_Methods,1133417
1125402,Probabilistic_Methods,1125402
1153024,Probabilistic_Methods,1153024
853155,Neural_Networks,853155
1118120,Neural_Networks,1118120
1105810,Case_Based,1105810
1113831,Genetic_Algorithms,1113831
646289,Probabilistic_Methods,646289
1106546,Probabilistic_Methods,1106546
31479,Probabilistic_Methods,31479
31483,Probabilistic_Methods,31483
31489,Probabilistic_Methods,31489
94639,Genetic_Algorithms,94639
631015,Neural_Networks,631015
645571,Probabilistic_Methods,645571
1106568,Neural_Networks,1106568
430711,Neural_Networks,430711
7296,Neural_Networks,7296
1132731,Genetic_Algorithms,1132731
1153064,Theory,1153064
93923,Rule_Learning,93923
1134197,Neural_Networks,1134197
87363,Genetic_Algorithms,87363
395540,Probabilistic_Methods,395540
395547,Neural_Networks,395547
50381,Theory,50381
1129015,Genetic_Algorithms,1129015
126909,Probabilistic_Methods,126909
143676,Neural_Networks,143676
395553,Neural_Networks,395553
752684,Neural_Networks,752684
1129021,Genetic_Algorithms,1129021
19045,Genetic_Algorithms,19045
631052,Neural_Networks,631052
126912,Probabilistic_Methods,126912
116790,Probabilistic_Methods,116790
5869,Neural_Networks,5869
579108,Genetic_Algorithms,579108
683355,Probabilistic_Methods,683355
1105877,Probabilistic_Methods,1105877
59772,Neural_Networks,59772
243483,Genetic_Algorithms,243483
126926,Probabilistic_Methods,126926
155277,Probabilistic_Methods,155277
1128314,Genetic_Algorithms,1128314
1105887,Rule_Learning,1105887
1110209,Probabilistic_Methods,1110209
307656,Genetic_Algorithms,307656
199571,Neural_Networks,199571
1152394,Neural_Networks,1152394
60560,Neural_Networks,60560
595193,Genetic_Algorithms,595193
990075,Case_Based,990075
119686,Neural_Networks,119686
1154520,Neural_Networks,1154520
28504,Reinforcement_Learning,28504
1154524,Rule_Learning,1154524
1154525,Rule_Learning,1154525
1129096,Reinforcement_Learning,1129096
1128369,Genetic_Algorithms,1128369
96845,Genetic_Algorithms,96845
380341,Neural_Networks,380341
8766,Rule_Learning,8766
1110256,Theory,1110256
55403,Rule_Learning,55403
389715,Theory,389715
1153816,Genetic_Algorithms,1153816
131317,Neural_Networks,131317
260979,Theory,260979
264556,Neural_Networks,264556
35852,Reinforcement_Learning,35852
1119671,Neural_Networks,1119671
1153853,Genetic_Algorithms,1153853
1112417,Probabilistic_Methods,1112417
1153860,Genetic_Algorithms,1153860
1153861,Neural_Networks,1153861
35863,Reinforcement_Learning,35863
1121176,Case_Based,1121176
1131301,Probabilistic_Methods,1131301
1131305,Probabilistic_Methods,1131305
1105148,Reinforcement_Learning,1105148
134219,Genetic_Algorithms,134219
671052,Neural_Networks,671052
1131312,Probabilistic_Methods,1131312
156794,Probabilistic_Methods,156794
1153896,Genetic_Algorithms,1153896
1153899,Genetic_Algorithms,1153899
167656,Theory,167656
239829,Case_Based,239829
1104435,Probabilistic_Methods,1104435
187260,Case_Based,187260
231198,Neural_Networks,231198
1131334,Probabilistic_Methods,1131334
1131335,Probabilistic_Methods,1131335
142268,Probabilistic_Methods,142268
504,Probabilistic_Methods,504
506,Probabilistic_Methods,506
228990,Neural_Networks,228990
228992,Neural_Networks,228992
1132073,Neural_Networks,1132073
654326,Genetic_Algorithms,654326
1116044,Probabilistic_Methods,1116044
1131359,Genetic_Algorithms,1131359
643485,Probabilistic_Methods,643485
654339,Genetic_Algorithms,654339
1107319,Theory,1107319
132821,Theory,132821
360028,Theory,360028
214472,Reinforcement_Learning,214472
646334,Probabilistic_Methods,646334
653628,Rule_Learning,653628
1107325,Case_Based,1107325
166989,Theory,166989
1111788,Theory,1111788
151708,Neural_Networks,151708
118259,Reinforcement_Learning,118259
32260,Theory,32260
137130,Probabilistic_Methods,137130
92589,Probabilistic_Methods,92589
118260,Reinforcement_Learning,118260
124828,Neural_Networks,124828
141596,Neural_Networks,141596
197452,Neural_Networks,197452
646357,Probabilistic_Methods,646357
1153106,Neural_Networks,1153106
30817,Neural_Networks,30817
642798,Probabilistic_Methods,642798
1130676,Neural_Networks,1130676
1107355,Reinforcement_Learning,1107355
1118209,Theory,1118209
987188,Neural_Networks,987188
87417,Genetic_Algorithms,87417
23545,Theory,23545
23546,Rule_Learning,23546
1113926,Neural_Networks,1113926
94713,Probabilistic_Methods,94713
1107367,Case_Based,1107367
987197,Theory,987197
521183,Case_Based,521183
1114664,Case_Based,1114664
69296,Genetic_Algorithms,69296
51180,Theory,51180
43165,Neural_Networks,43165
1132815,Neural_Networks,1132815
1107385,Neural_Networks,1107385
100197,Neural_Networks,100197
520471,Rule_Learning,520471
215912,Neural_Networks,215912
61312,Genetic_Algorithms,61312
1129106,Case_Based,1129106
43186,Neural_Networks,43186
1129111,Neural_Networks,1129111
41732,Reinforcement_Learning,41732
22869,Case_Based,22869
9513,Theory,9513
9515,Theory,9515
119712,Genetic_Algorithms,119712
270456,Neural_Networks,270456
5959,Case_Based,5959
576362,Genetic_Algorithms,576362
1153183,Theory,1153183
22874,Case_Based,22874
22875,Case_Based,22875
22876,Case_Based,22876
1124837,Probabilistic_Methods,1124837
1132857,Probabilistic_Methods,1132857
594511,Genetic_Algorithms,594511
22883,Theory,22883
238401,Theory,238401
1136449,Neural_Networks,1136449
714208,Probabilistic_Methods,714208
9559,Rule_Learning,9559
135798,Case_Based,135798
1152490,Neural_Networks,1152490
1109566,Theory,1109566
1103038,Case_Based,1103038
177115,Case_Based,177115
523394,Probabilistic_Methods,523394
1128453,Genetic_Algorithms,1128453
1109581,Probabilistic_Methods,1109581
101660,Rule_Learning,101660
101662,Theory,101662
9581,Probabilistic_Methods,9581
9586,Genetic_Algorithms,9586
1135750,Neural_Networks,1135750
51934,Neural_Networks,51934
762980,Neural_Networks,762980
1153900,Genetic_Algorithms,1153900
593859,Genetic_Algorithms,593859
714256,Probabilistic_Methods,714256
8874,Genetic_Algorithms,8874
25794,Neural_Networks,25794
75121,Case_Based,75121
28632,Theory,28632
1153922,Neural_Networks,1153922
1119742,Probabilistic_Methods,1119742
63549,Neural_Networks,63549
1138619,Rule_Learning,1138619
1102364,Probabilistic_Methods,1102364
28640,Theory,28640
28641,Theory,28641
409725,Rule_Learning,409725
292277,Genetic_Algorithms,292277
606479,Genetic_Algorithms,606479
1153942,Genetic_Algorithms,1153942
1153945,Genetic_Algorithms,1153945
1153946,Neural_Networks,1153946
709113,Rule_Learning,709113
194609,Neural_Networks,194609
90470,Probabilistic_Methods,90470
820661,Neural_Networks,820661
820662,Theory,820662
1105231,Genetic_Algorithms,1105231
73712,Neural_Networks,73712
54844,Theory,54844
684972,Probabilistic_Methods,684972
134314,Probabilistic_Methods,134314
735303,Genetic_Algorithms,735303
824245,Neural_Networks,824245
195361,Reinforcement_Learning,195361
529165,Neural_Networks,529165
1131414,Neural_Networks,1131414
617378,Neural_Networks,617378
1120563,Case_Based,1120563
47570,Case_Based,47570
684986,Neural_Networks,684986
735311,Neural_Networks,735311
187354,Rule_Learning,187354
1132157,Probabilistic_Methods,1132157
58436,Case_Based,58436
278403,Neural_Networks,278403
58453,Genetic_Algorithms,58453
58454,Case_Based,58454
206524,Rule_Learning,206524
593104,Genetic_Algorithms,593104
133628,Theory,133628
46887,Neural_Networks,46887
49720,Probabilistic_Methods,49720
1131471,Case_Based,1131471
643597,Probabilistic_Methods,643597
1107418,Genetic_Algorithms,1107418
1129994,Probabilistic_Methods,1129994
573535,Theory,573535
814836,Rule_Learning,814836
1119004,Neural_Networks,1119004
1134320,Probabilistic_Methods,1134320
1116181,Theory,1116181
1108167,Theory,1108167
1108169,Neural_Networks,1108169
49753,Probabilistic_Methods,49753
57773,Rule_Learning,57773
7430,Reinforcement_Learning,7430
521251,Case_Based,521251
593155,Genetic_Algorithms,593155
642894,Probabilistic_Methods,642894
1126315,Neural_Networks,1126315
1108175,Neural_Networks,1108175
1059953,Theory,1059953
521269,Case_Based,521269
1118302,Rule_Learning,1118302
1130780,Probabilistic_Methods,1130780
1134346,Probabilistic_Methods,1134346
1134348,Probabilistic_Methods,1134348
1135082,Neural_Networks,1135082
899085,Rule_Learning,899085
124952,Probabilistic_Methods,124952
240791,Genetic_Algorithms,240791
189571,Probabilistic_Methods,189571
189572,Probabilistic_Methods,189572
1126350,Theory,1126350
189574,Probabilistic_Methods,189574
177993,Genetic_Algorithms,177993
27230,Rule_Learning,27230
1119078,Theory,1119078
128540,Genetic_Algorithms,128540
308529,Reinforcement_Learning,308529
54131,Genetic_Algorithms,54131
75983,Neural_Networks,75983
15670,Genetic_Algorithms,15670
33818,Neural_Networks,33818
95594,Reinforcement_Learning,95594
6782,Theory,6782
33823,Neural_Networks,33823
25805,Theory,25805
1153287,Reinforcement_Learning,1153287
596075,Case_Based,596075
817774,Neural_Networks,817774
18532,Neural_Networks,18532
18536,Neural_Networks,18536
235670,Rule_Learning,235670
235678,Rule_Learning,235678
235679,Rule_Learning,235679
739707,Neural_Networks,739707
17811,Genetic_Algorithms,17811
503871,Genetic_Algorithms,503871
235683,Rule_Learning,235683
1128531,Rule_Learning,1128531
594649,Genetic_Algorithms,594649
1128536,Theory,1128536
1102400,Theory,1102400
593921,Genetic_Algorithms,593921
486840,Genetic_Algorithms,486840
1127810,Neural_Networks,1127810
503893,Genetic_Algorithms,503893
399370,Neural_Networks,399370
387795,Genetic_Algorithms,387795
220420,Genetic_Algorithms,220420
593942,Genetic_Algorithms,593942
8961,Reinforcement_Learning,8961
645016,Probabilistic_Methods,645016
481073,Reinforcement_Learning,481073
11337,Theory,11337
578650,Genetic_Algorithms,578650
1130069,Neural_Networks,1130069
1127851,Rule_Learning,1127851
124224,Neural_Networks,124224
37483,Case_Based,37483
578669,Genetic_Algorithms,578669
1127863,Rule_Learning,1127863
1135894,Neural_Networks,1135894
645046,Probabilistic_Methods,645046
22229,Genetic_Algorithms,22229
149669,Probabilistic_Methods,149669
365294,Reinforcement_Learning,365294
169279,Neural_Networks,169279
1138755,Neural_Networks,1138755
323128,Theory,323128
22241,Genetic_Algorithms,22241
156977,Neural_Networks,156977
763010,Neural_Networks,763010
1120650,Rule_Learning,1120650
1105344,Neural_Networks,1105344
59244,Case_Based,59244
286500,Genetic_Algorithms,286500
567005,Neural_Networks,567005
644361,Probabilistic_Methods,644361
644363,Probabilistic_Methods,644363
154023,Neural_Networks,154023
286513,Genetic_Algorithms,286513
459206,Genetic_Algorithms,459206
671269,Neural_Networks,671269
1105360,Rule_Learning,1105360
1112650,Probabilistic_Methods,1112650
632796,Probabilistic_Methods,632796
47682,Neural_Networks,47682
47683,Case_Based,47683
47684,Case_Based,47684
4637,Theory,4637
642920,Neural_Networks,642920
634902,Genetic_Algorithms,634902
459213,Genetic_Algorithms,459213
459214,Genetic_Algorithms,459214
634904,Genetic_Algorithms,634904
459216,Genetic_Algorithms,459216
20821,Rule_Learning,20821
178718,Genetic_Algorithms,178718
1108209,Genetic_Algorithms,1108209
1112665,Neural_Networks,1112665
1104647,Genetic_Algorithms,1104647
1140289,Neural_Networks,1140289
66563,Genetic_Algorithms,66563
67292,Neural_Networks,67292
66564,Genetic_Algorithms,66564
154047,Neural_Networks,154047
642930,Neural_Networks,642930
654519,Genetic_Algorithms,654519
178727,Genetic_Algorithms,178727
1135108,Probabilistic_Methods,1135108
593201,Genetic_Algorithms,593201
162075,Neural_Networks,162075
593209,Genetic_Algorithms,593209
107569,Neural_Networks,107569
1123530,Genetic_Algorithms,1123530
1135115,Neural_Networks,1135115
1132285,Theory,1132285
1131557,Genetic_Algorithms,1131557
162080,Neural_Networks,162080
3932,Case_Based,3932
593210,Genetic_Algorithms,593210
118424,Neural_Networks,118424
1135122,Neural_Networks,1135122
634938,Genetic_Algorithms,634938
1131565,Neural_Networks,1131565
20857,Rule_Learning,20857
118435,Neural_Networks,118435
118436,Neural_Networks,118436
643695,Probabilistic_Methods,643695
1130847,Genetic_Algorithms,1130847
1111978,Probabilistic_Methods,1111978
1154012,Probabilistic_Methods,1154012
1108258,Case_Based,1108258
49844,Rule_Learning,49844
49847,Rule_Learning,49847
189620,Probabilistic_Methods,189620
189623,Probabilistic_Methods,189623
1108267,Case_Based,1108267
1050679,Genetic_Algorithms,1050679
634975,Genetic_Algorithms,634975
1114838,Theory,1114838
577227,Genetic_Algorithms,577227
28026,Case_Based,28026
601561,Rule_Learning,601561
24476,Probabilistic_Methods,24476
1026,Genetic_Algorithms,1026
95642,Case_Based,95642
270600,Neural_Networks,270600
145384,Reinforcement_Learning,145384
16461,Neural_Networks,16461
35335,Neural_Networks,35335
1138027,Case_Based,1138027
1035,Reinforcement_Learning,1035
1114864,Case_Based,1114864
1154068,Probabilistic_Methods,1154068
449841,Rule_Learning,449841
1154071,Probabilistic_Methods,1154071
1106854,Neural_Networks,1106854
210309,Theory,210309
801170,Genetic_Algorithms,801170
251756,Genetic_Algorithms,251756
645870,Probabilistic_Methods,645870
144679,Case_Based,144679
1138043,Theory,1138043
86923,Neural_Networks,86923
342802,Neural_Networks,342802
1152633,Probabilistic_Methods,1152633
711527,Theory,711527
684372,Neural_Networks,684372
216878,Theory,216878
62274,Theory,62274
72406,Reinforcement_Learning,72406
101811,Theory,101811
246618,Genetic_Algorithms,246618
1136631,Theory,1136631
1152676,Genetic_Algorithms,1152676
235776,Theory,235776
57119,Genetic_Algorithms,57119
119956,Neural_Networks,119956
948147,Neural_Networks,948147
739816,Neural_Networks,739816
3222,Case_Based,3222
1117786,Rule_Learning,1117786
1110520,Neural_Networks,1110520
36802,Probabilistic_Methods,36802
3232,Theory,3232
3237,Probabilistic_Methods,3237
1111265,Neural_Networks,1111265
695284,Theory,695284
37541,Theory,37541
1110546,Genetic_Algorithms,1110546
71736,Probabilistic_Methods,71736
1135955,Neural_Networks,1135955
12155,Theory,12155
258259,Neural_Networks,258259
1114118,Neural_Networks,1114118
606647,Genetic_Algorithms,606647
12165,Theory,12165
1110563,Neural_Networks,1110563
12169,Theory,12169
1133004,Neural_Networks,1133004
1133008,Neural_Networks,1133008
1102567,Case_Based,1102567
12195,Theory,12195
28851,Genetic_Algorithms,28851
644427,Probabilistic_Methods,644427
1113438,Genetic_Algorithms,1113438
1121459,Case_Based,1121459
689439,Rule_Learning,689439
633585,Probabilistic_Methods,633585
31083,Theory,31083
6152,Reinforcement_Learning,6152
1119987,Case_Based,1119987
1114184,Neural_Networks,1114184
82664,Case_Based,82664
82666,Case_Based,82666
672070,Neural_Networks,672070
672071,Neural_Networks,672071
632874,Probabilistic_Methods,632874
1114192,Neural_Networks,1114192
644470,Probabilistic_Methods,644470
5462,Neural_Networks,5462
594011,Genetic_Algorithms,594011
20924,Probabilistic_Methods,20924
1131634,Neural_Networks,1131634
1120786,Neural_Networks,1120786
1112767,Neural_Networks,1112767
180301,Probabilistic_Methods,180301
160705,Neural_Networks,160705
628458,Neural_Networks,628458
628459,Neural_Networks,628459
1130915,Neural_Networks,1130915
1116336,Probabilistic_Methods,1116336
390889,Neural_Networks,390889
57922,Theory,57922
594039,Genetic_Algorithms,594039
13654,Neural_Networks,13654
57932,Neural_Networks,57932
73972,Case_Based,73972
198443,Genetic_Algorithms,198443
60159,Neural_Networks,60159
101143,Case_Based,101143
101145,Case_Based,101145
763181,Neural_Networks,763181
44121,Probabilistic_Methods,44121
593328,Genetic_Algorithms,593328
259772,Case_Based,259772
189708,Probabilistic_Methods,189708
60169,Neural_Networks,60169
24530,Reinforcement_Learning,24530
467383,Genetic_Algorithms,467383
20972,Reinforcement_Learning,20972
13686,Neural_Networks,13686
152731,Neural_Networks,152731
118558,Reinforcement_Learning,118558
118559,Reinforcement_Learning,118559
1154123,Neural_Networks,1154123
1154124,Neural_Networks,1154124
1126503,Case_Based,1126503
40583,Probabilistic_Methods,40583
95719,Probabilistic_Methods,95719
693143,Theory,693143
36131,Probabilistic_Methods,36131
1123689,Probabilistic_Methods,1123689
6913,Probabilistic_Methods,6913
256106,Neural_Networks,256106
36140,Theory,36140
1115670,Rule_Learning,1115670
1108389,Probabilistic_Methods,1108389
6923,Rule_Learning,6923
6925,Neural_Networks,6925
36162,Probabilistic_Methods,36162
62329,Genetic_Algorithms,62329
36167,Reinforcement_Learning,36167
6941,Rule_Learning,6941
245288,Reinforcement_Learning,245288
62333,Neural_Networks,62333
189774,Probabilistic_Methods,189774
1133846,Neural_Networks,1133846
167205,Rule_Learning,167205
62347,Reinforcement_Learning,62347
267003,Neural_Networks,267003
1114992,Neural_Networks,1114992
1112026,Neural_Networks,1112026
1119295,Rule_Learning,1119295
1111304,Reinforcement_Learning,1111304
964248,Probabilistic_Methods,964248
45603,Reinforcement_Learning,45603
1109830,Neural_Networks,1109830
1152761,Genetic_Algorithms,1152761
62389,Case_Based,62389
444191,Neural_Networks,444191
263482,Rule_Learning,263482
263486,Rule_Learning,263486
263498,Genetic_Algorithms,263498
675756,Neural_Networks,675756
1125895,Reinforcement_Learning,1125895
627024,Neural_Networks,627024
12211,Theory,12211
643069,Probabilistic_Methods,643069
1112075,Neural_Networks,1112075
884094,Probabilistic_Methods,884094
120817,Neural_Networks,120817
1110628,Probabilistic_Methods,1110628
18770,Probabilistic_Methods,18770
18773,Probabilistic_Methods,18773
173863,Probabilistic_Methods,173863
1130243,Probabilistic_Methods,1130243
1102625,Case_Based,1102625
63812,Case_Based,63812
18781,Theory,18781
18785,Probabilistic_Methods,18785
1129494,Neural_Networks,1129494
578845,Genetic_Algorithms,578845
68115,Case_Based,68115
293271,Reinforcement_Learning,293271
63835,Case_Based,63835
1919,Probabilistic_Methods,1919
164,Theory,164
293285,Theory,293285
12275,Neural_Networks,12275
1103383,Genetic_Algorithms,1103383
1114239,Genetic_Algorithms,1114239
6215,Reinforcement_Learning,6215
288107,Theory,288107
385067,Case_Based,385067
1121537,Theory,1121537
1103394,Case_Based,1103394
6224,Reinforcement_Learning,6224
2663,Neural_Networks,2663
104840,Theory,104840
632935,Probabilistic_Methods,632935
1106236,Case_Based,1106236
375605,Genetic_Algorithms,375605
1132406,Neural_Networks,1132406
28964,Probabilistic_Methods,28964
308003,Rule_Learning,308003
47839,Reinforcement_Learning,47839
753070,Theory,753070
563613,Neural_Networks,563613
1132416,Neural_Networks,1132416
2695,Neural_Networks,2695
2696,Neural_Networks,2696
2698,Neural_Networks,2698
1105530,Neural_Networks,1105530
1113551,Case_Based,1113551
688824,Neural_Networks,688824
1138968,Genetic_Algorithms,1138968
1120858,Neural_Networks,1120858
40605,Probabilistic_Methods,40605
1132443,Neural_Networks,1132443
1999,Theory,1999
33325,Theory,33325
644577,Probabilistic_Methods,644577
66751,Theory,66751
594119,Genetic_Algorithms,594119
1132461,Neural_Networks,1132461
1115701,Probabilistic_Methods,1115701
1131741,Genetic_Algorithms,1131741
270085,Genetic_Algorithms,270085
1136040,Neural_Networks,1136040
1131752,Genetic_Algorithms,1131752
1131754,Genetic_Algorithms,1131754
4878,Case_Based,4878
1123756,Genetic_Algorithms,1123756
1135345,Neural_Networks,1135345
1107728,Neural_Networks,1107728
1154232,Probabilistic_Methods,1154232
1154233,Probabilistic_Methods,1154233
17363,Neural_Networks,17363
1213,Rule_Learning,1213
149139,Theory,149139
28230,Probabilistic_Methods,28230
50838,Neural_Networks,50838
1125906,Probabilistic_Methods,1125906
32698,Probabilistic_Methods,32698
754594,Neural_Networks,754594
1133930,Rule_Learning,1133930
1115790,Neural_Networks,1115790
28249,Reinforcement_Learning,28249
1237,Neural_Networks,1237
684531,Neural_Networks,684531
238099,Rule_Learning,238099
131042,Neural_Networks,131042
444240,Genetic_Algorithms,444240
1112106,Neural_Networks,1112106
27535,Probabilistic_Methods,27535
28267,Case_Based,28267
1120138,Neural_Networks,1120138
1117920,Probabilistic_Methods,1117920
1125944,Case_Based,1125944
1118658,Theory,1118658
263553,Neural_Networks,263553
1125953,Rule_Learning,1125953
114308,Reinforcement_Learning,114308
630817,Neural_Networks,630817
687401,Neural_Networks,687401
594900,Genetic_Algorithms,594900
10174,Theory,10174
73323,Case_Based,73323
46431,Neural_Networks,46431
202520,Probabilistic_Methods,202520
15987,Probabilistic_Methods,15987
10186,Theory,10186
294030,Probabilistic_Methods,294030
675847,Neural_Networks,675847
190697,Genetic_Algorithms,190697
576795,Genetic_Algorithms,576795
1125993,Case_Based,1125993
519318,Probabilistic_Methods,519318
1120197,Neural_Networks,1120197
1152896,Case_Based,1152896
1122304,Neural_Networks,1122304
2702,Neural_Networks,2702
1129572,Neural_Networks,1129572
1112194,Neural_Networks,1112194
29738,Probabilistic_Methods,29738
1128868,Neural_Networks,1128868
633721,Probabilistic_Methods,633721
630890,Neural_Networks,630890
1123068,Probabilistic_Methods,1123068
561568,Probabilistic_Methods,561568
733534,Neural_Networks,733534
1102751,Theory,1102751
1114336,Case_Based,1114336
1123087,Neural_Networks,1123087
6311,Theory,6311
116512,Neural_Networks,116512
6318,Case_Based,6318
7047,Reinforcement_Learning,7047
1123093,Rule_Learning,1123093
1103499,Probabilistic_Methods,1103499
151430,Rule_Learning,151430
431206,Probabilistic_Methods,431206
372862,Rule_Learning,372862
561593,Probabilistic_Methods,561593
1106330,Case_Based,1106330
1105603,Neural_Networks,1105603
1132505,Neural_Networks,1132505
74821,Probabilistic_Methods,74821
6344,Case_Based,6344
116545,Genetic_Algorithms,116545
733576,Neural_Networks,733576
1112911,Genetic_Algorithms,1112911
1105622,Neural_Networks,1105622
1102794,Rule_Learning,1102794
262108,Neural_Networks,262108
116552,Genetic_Algorithms,116552
41417,Case_Based,41417
1140543,Neural_Networks,1140543
14529,Case_Based,14529
1117219,Neural_Networks,1117219
1107095,Rule_Learning,1107095
1140548,Neural_Networks,1140548
523010,Neural_Networks,523010
42156,Neural_Networks,42156
262121,Genetic_Algorithms,262121
22564,Case_Based,22564
14545,Neural_Networks,14545
22566,Case_Based,22566
1106388,Rule_Learning,1106388
429781,Theory,429781
335042,Neural_Networks,335042
219218,Probabilistic_Methods,219218
610529,Neural_Networks,610529
250566,Case_Based,250566
1104946,Theory,1104946
195792,Genetic_Algorithms,195792
1152179,Neural_Networks,1152179
89308,Case_Based,89308
350373,Theory,350373
628667,Reinforcement_Learning,628667
628668,Reinforcement_Learning,628668
102061,Genetic_Algorithms,102061
430574,Neural_Networks,430574
1107808,Neural_Networks,1107808
1110028,Theory,1110028
45052,Probabilistic_Methods,45052
89335,Case_Based,89335
252715,Rule_Learning,252715
4983,Genetic_Algorithms,4983
646837,Genetic_Algorithms,646837
1139009,Neural_Networks,1139009
252725,Rule_Learning,252725
593544,Genetic_Algorithms,593544
299195,Neural_Networks,299195
593559,Genetic_Algorithms,593559
1108570,Theory,1108570
272345,Case_Based,272345
593560,Genetic_Algorithms,593560
70520,Reinforcement_Learning,70520
131122,Neural_Networks,131122
8591,Rule_Learning,8591
217852,Rule_Learning,217852
264347,Theory,264347
7867,Case_Based,7867
27612,Theory,27612
1152917,Probabilistic_Methods,1152917
28359,Reinforcement_Learning,28359
103528,Case_Based,103528
46500,Theory,46500
27631,Case_Based,27631
289779,Genetic_Algorithms,289779
103537,Probabilistic_Methods,103537
633081,Probabilistic_Methods,633081
255628,Neural_Networks,255628
397590,Rule_Learning,397590
1129610,Genetic_Algorithms,1129610
50980,Case_Based,50980
28385,Reinforcement_Learning,28385
427606,Genetic_Algorithms,427606
616336,Rule_Learning,616336
1120252,Probabilistic_Methods,1120252
1152958,Neural_Networks,1152958
1152959,Neural_Networks,1152959
1385,Neural_Networks,1385
254923,Genetic_Algorithms,254923
34961,Neural_Networks,34961
46547,Theory,46547
13136,Neural_Networks,13136
1131137,Probabilistic_Methods,1131137
233106,Neural_Networks,233106
561613,Probabilistic_Methods,561613
1131149,Neural_Networks,1131149
1104258,Neural_Networks,1104258
1152991,Probabilistic_Methods,1152991
447250,Neural_Networks,447250
115188,Neural_Networks,115188
102879,Theory,102879
1131150,Neural_Networks,1131150
56708,Reinforcement_Learning,56708
1128943,Genetic_Algorithms,1128943
134060,Theory,134060
102884,Theory,102884
1131163,Neural_Networks,1131163
4274,Case_Based,4274
1131172,Probabilistic_Methods,1131172
767763,Theory,767763
152226,Theory,152226
152227,Theory,152227
626530,Probabilistic_Methods,626530
626531,Probabilistic_Methods,626531
1131180,Probabilistic_Methods,1131180
1130454,Probabilistic_Methods,1130454
1131184,Neural_Networks,1131184
1128974,Genetic_Algorithms,1128974
1128975,Genetic_Algorithms,1128975
1128977,Genetic_Algorithms,1128977
1128978,Genetic_Algorithms,1128978
117328,Case_Based,117328
24043,Neural_Networks,24043